GO term name,#4,#6,#7
process in the synapse,1,1,1
process in the presynapse,1,1,1
regulation of presynaptic cytosolic calcium levels,1,0,0
presynaptic endocytosis,1,1,1
synaptic vesicle cycle,1,1,1
regulation of synaptic vesicle cycle,1,1,1
synaptic vesicle clustering,1,1,1
synaptic vesicle endosomal processing,1,0,0
synaptic vesicle budding from endosome,1,0,0
synaptic vesicle exocytosis,1,1,1
calcium-dependent activation of synaptic vesicle fusion,1,0,0
regulation of synaptic vesicle exocytosis,1,0,1
synaptic vesicle docking,1,1,1
regulation of synaptic vesicle docking,1,1,1
synaptic vesicle fusion to presynaptic active zone membrane,1,0,1
regulation of synaptic vesicle fusion to presynaptic active zone membrane,1,0,1
synaptic vesicle priming,1,1,1
regulation of synaptic vesicle priming,1,0,1
synaptic vesicle endocytosis,1,1,1
regulation of synaptic vesicle endocytosis,1,0,1
presynaptic dense core vesicle exocytosis,1,1,1
process in the postsynapse,1,1,1
regulation of postsynaptic membrane neurotransmitter receptor levels,1,1,1
neurotransmitter receptor localization to postsynaptic specialization membrane,1,1,1
regulation of neurotransmitter receptor localization to postsynaptic specialization membrane,1,1,1
exocytic insertion of neurotransmitter receptor to postsynaptic membrane,1,0,1
postsynaptic neurotransmitter receptor endocytosis,1,1,1
regulation of postsynaptic neurotransmitter receptor endocytosis,1,1,1
synaptic signaling,1,0,1
trans-synaptic signaling,1,1,1
trans-synaptic signaling by endocannabinoid,1,1,1
retrograde trans-synaptic signaling by endocannabinoid,1,1,1
"trans-synaptic signaling, modulating synaptic transmission",1,0,1
chemical synaptic transmission,1,1,1
modulation of chemical synaptic transmission,1,1,1
postsynaptic process involved in chemical synaptic transmission,1,1,1
postsynaptic modulation of chemical synaptic transmission,1,1,1
synapse organization,1,1,1
postsynapse organization,1,1,1
regulation of postsynapse organization,1,1,1
modification of synaptic structure,1,0,0
modification of postsynaptic structure,1,1,1
regulation of modification of postsynaptic structure,1,1,1
modification of postsynaptic actin cytoskeleton,1,1,1
regulation of modification of postsynaptic actin cytoskeleton,1,1,1
regulation of synapse organization,1,1,1
structural constituent of synapse,1,1,1
structural constituent of presynapse,1,1,1
structural constituent of active zone,1,0,1
structural constituent of postsynapse,1,1,1
structural constituent of postsynaptic intermediate filament cytoskeleton,1,1,1
structural constituent of postsynaptic density,1,1,1
synapse assembly,1,1,1
presynapse assembly,1,1,0
regulation of synapse assembly,1,1,1
regulation of postsynapse assembly,1,1,1
postsynaptic specialization assembly,1,1,0
regulation of postsynaptic specialization assembly,1,1,0
regulation of synapse disassembly,1,1,1
synapse maturation,1,1,1
regulation of synapse maturation,1,1,1
maintenance of synapse structure,1,1,1
maintenance of postsynaptic specialization structure,1,1,0
presynaptic cytoskeleton organization,1,1,1
presynaptic actin cytoskeleton organization,1,0,1
postsynaptic cytoskeleton organization,1,1,1
postsynaptic actin cytoskeleton organization,1,1,1
"regulation of translation at synapse, modulating synaptic transmission",1,0,1
transport,1,1,1
axo-dendritic transport,1,1,1
dendritic transport,1,1,1
dendritic transport of messenger ribonucleoprotein complex,1,1,1
anterograde synaptic vesicle transport,1,1,1
synapse adhesion between pre- and post-synapse,0,1,0
postsynapse to nucleus signaling pathway,0,0,1
