GO term name,#1,#10,#11,#12,#2,#3,#4,#5,#6,#7,#8,#9
synapse,1,1,1,1,1,1,1,1,1,1,1,1
presynapse,1,1,1,1,1,1,1,1,1,1,1,1
presynaptic cytosol,1,1,1,1,1,1,1,1,1,1,1,1
presynaptic active zone,1,1,1,1,1,1,1,1,1,1,1,1
presynaptic active zone cytoplasmic component,1,1,1,1,1,1,1,1,1,1,1,1
presynaptic active zone membrane,1,1,0,1,1,1,1,1,0,1,0,0
presynaptic endocytic zone,1,1,1,1,1,1,1,1,1,1,1,1
presynaptic endocytic zone membrane,1,1,1,1,1,1,1,1,1,1,1,1
extrinsic component of presynaptic endocytic zone membrane,1,1,1,1,1,1,1,1,1,1,1,1
synaptic vesicle,1,1,1,1,1,1,1,1,1,1,1,1
synaptic vesicle membrane,1,1,1,1,1,1,1,1,1,1,1,1
presynaptic membrane,1,1,1,1,1,1,1,1,1,1,1,1
anchored component of presynaptic membrane,1,1,1,1,1,1,1,1,1,1,1,0
integral component of presynaptic membrane,1,1,0,0,1,1,1,1,0,1,0,1
postsynapse,1,1,1,1,1,1,1,1,1,1,1,1
postsynaptic cytosol,1,1,1,1,1,1,1,1,1,1,1,1
postsynaptic cytoskeleton,1,1,1,1,1,1,1,1,1,1,1,1
postsynaptic intermediate filament cytoskeleton,1,1,1,1,1,1,1,1,1,1,1,1
postsynaptic actin cytoskeleton,1,1,1,1,1,1,1,1,1,1,1,1
postsynaptic specialization,1,1,1,1,1,1,1,1,1,1,1,1
postsynaptic density,1,1,1,1,1,1,1,1,1,1,1,1
"postsynaptic density, intracellular component",1,1,1,1,1,1,1,1,1,1,1,1
postsynaptic density membrane,1,1,1,1,1,1,1,1,1,1,1,1
postsynaptic endocytic zone,1,1,1,1,1,1,1,1,1,1,1,1
postsynaptic endosome,1,0,1,0,1,1,0,1,0,1,0,1
postsynaptic early endosome,1,1,1,0,1,1,1,1,0,1,1,1
postsynaptic membrane,1,1,1,1,1,1,1,1,1,1,1,1
anchored component of postsynaptic membrane,1,1,1,1,1,1,1,1,1,1,1,1
integral component of postsynaptic membrane,1,0,0,0,1,1,1,1,0,1,0,0
presynaptic cytoskeleton,0,1,1,0,0,0,0,0,0,0,1,0
extrinsic component of presynaptic membrane,0,1,1,1,0,0,1,1,1,0,1,1
extracellular matrix of synaptic cleft,0,1,1,0,0,0,0,0,0,0,1,0
spine apparatus,0,1,0,1,0,0,0,0,0,0,0,1
integral component of postsynaptic density membrane,0,1,1,0,0,1,1,1,1,0,0,0
extrinsic component of postsynaptic membrane,0,1,0,0,0,0,1,1,1,0,1,1
synaptic cleft,0,0,1,0,0,0,0,0,0,0,0,0
anchored component of postsynaptic density membrane,0,0,1,1,1,1,1,0,0,0,0,0
perisynaptic extracellular matrix,0,0,1,1,0,0,0,0,0,0,0,0
anchored component of synaptic vesicle membrane,0,0,0,1,0,0,0,0,0,0,1,0
neuronal dense core vesicle,0,0,0,1,0,0,0,0,0,0,0,0
integral component of presynaptic active zone membrane,0,0,0,0,0,1,0,0,0,0,0,0
integral component of synaptic vesicle membrane,0,0,0,0,0,1,0,0,0,0,0,0
postsynaptic recycling endosome,0,0,0,0,0,1,0,0,0,0,0,0
